no	topic	title
1	Introduction to Cybersecurity	The World of Cybersecurity
2	Introduction to Cybersecurity	Organizational Data
3	Introduction to Cybersecurity	What was taken?
4	Introduction to Cybersecurity	Cyber Attackers
5	Introduction to Cybersecurity	Cyberwarfare
6	Attacks, Concepts and Techniques	Analyzing a Cyber Attack
7	Attacks, Concepts and Techniques	Methods of Infiltration
8	Attacks, Concepts and Techniques	Security Vulnerability and Exploits
9	Attacks, Concepts and Techniques	The Cybersecurity Landscape
10	Protecting Your Data and Privacy	Protecting Your Devices and Network
11	Protecting Your Data and Privacy	Data Maintenance
12	Protecting Your Data and Privacy	Who Owns Your Data?
13	Protecting Your Data and Privacy	Safeguarding Your Online Privacy
14	Protecting the Organization	Cybersecurity Devices and Technologies
15	Protecting the Organization	Behavior Approach to Cybersecurity
16	Protecting the Organization	Cisco's Approach to Cybersecurity
17	Will Your Future Be in Cybersecurity?	Legal and Ethical Issues
18	Will Your Future Be in Cybersecurity?	Education and careers
19	Welcome to Linux Unhatched	Welcome to Linux Unhatched
20	Navigating Basic Command Syntax	Navigating Basic Command Syntax
21	Printing Working Directory	Printing Working Directory
22	Changing Directories	Changing Directories
23	Listing Files	Listing Files
24	Administrative Access	Administrative Access
25	Permissions	Permissions
26	Changing File Permissions	Changing File Permissions
27	Changing File Ownership	Changing File Ownership
28	Viewing Files	Viewing Files
29	Copying Files	Copying Files
30	Moving Files	Moving Files
31	Removing Files	Removing Files
32	Filtering Input	Filtering Input
33	Shutting Down	Shutting Down
34	Network Configuration	Network Configuration
35	Viewing Processes	Viewing Processes
36	Package Management	Package Management
37	Updating User Passwords	Updating User Passwords
38	Redirection	Redirection
39	Text Editor	Text Editor
40	Moving Forward	Moving Forward
41	Communication in a Connected World	Introduction
42	Communication in a Connected World	Network Types
43	Communication in a Connected World	Data Transmission
44	Communication in a Connected World	Bandwidth and Throughput
45	Communication in a Connected World	Communications in a Connected World Summary
46	Network Components, Types, and Connections	Introduction
47	Network Components, Types, and Connections	Clients and Servers 
48	Network Components, Types, and Connections	Network Component
49	Network Components, Types, and Connections	ISP Connectivity Options
50	Network Components, Types, and Connections	Network Components, Types, and Connections Summary
51	Wireless and Mobile Networks	Introduction
52	Wireless and Mobile Networks	Wireless Networks
53	Wireless and Mobile Networks	Mobile Device Connectivity
54	Wireless and Mobile Networks	Wireless and Mobile Networks Summary
55	Build a Home Network	Introduction
56	Build a Home Network	Home Network Basics
57	Build a Home Network	Network Technologies in the Home
58	Build a Home Network	Wireless Standards
59	Build a Home Network	Set Up a Home Router
60	Build a Home Network	Build a Home Network Summary
61	Communication Principles	Introduction
62	Communication Principles	Communication Protocols
63	Communication Principles	Communication Standards
64	Communication Principles	Network Communication Models
65	Communication Principles	Communication Principles Summary
66	Network Media	Introduction
67	Network Media	Network Media Types
68	Network Media	Network Media Summary
69	The Access Layer	Introduction
70	The Access Layer	Encapsulation and the Ethernet Frame
71	The Access Layer	The Access Layer
72	The Access Layer	The Access Layer Summary
73	The Internet Protocol	Introduction
74	The Internet Protocol	Purpose of an IPv4 Address
75	The Internet Protocol	The IPv4 Address Structure
76	The Internet Protocol	The Internet Protocol Summary
77	IPv4 and Network Segmentation	Introduction
78	IPv4 and Network Segmentation	IPv4 Unicast, Broadcast, and Multicast
79	IPv4 and Network Segmentation	Types of IPv4 Addresses
80	IPv4 and Network Segmentation	Network Segmentation
81	IPv4 and Network Segmentation	IPv4 and Network Segmentation Summary
82	IPv6 Addressing Formats and Rules	Introduction
83	IPv6 Addressing Formats and Rules	IPv4 Issues
84	IPv6 Addressing Formats and Rules	IPv6 Addressing
85	IPv6 Addressing Formats and Rules	IPv6 Addressing Formats and Rules Summary
86	Dynamic Addressing with DHCP	Introduction
87	Dynamic Addressing with DHCP	Static and Dynamic Addressing
88	Dynamic Addressing with DHCP	DHCPv4 Configuration
89	Dynamic Addressing with DHCP	Dynamic Addressing with DHCP Summary
90	Gateways to Other Networks	Introduction
91	Gateways to Other Networks	Network Boundaries
92	Gateways to Other Networks	Network Address Translation
93	Gateways to Other Networks	Gateways to Other Networks Summary
94	The ARP Process	Introduction
95	The ARP Process	MAC and IP
96	The ARP Process	Broadcast Containment
97	The ARP Process	The ARP Process Summary
98	Routing Between Networks	Introduction
99	Routing Between Networks	The Need for Routing
100	Routing Between Networks	The Routing Table
101	Routing Between Networks	Create a LAN
102	Routing Between Networks	Routing Between Networks Summary
103	TCP and UDP	Introduction
104	TCP and UDP	TCP and UDP
105	TCP and UDP	Port Numbers
106	TCP and UDP	TCP and UDP Summary
107	Application Layer Services	Introduction
108	Application Layer Services	The Client Server Relationship
109	Application Layer Services	Network Application Services
110	Application Layer Services	Domain Name System
111	Application Layer Services	Web Clients and Servers
112	Application Layer Services	FTP Clients and Servers
113	Application Layer Services	Virtual Terminals
114	Application Layer Services	Email and Messaging
115	Application Layer Services	Application Layer Services Summary
116	Network Testing Utilities	Introduction
117	Network Testing Utilities	Troubleshooting Commands
118	Network Testing Utilities	Network Testing Utilities Summary